USE online_store_db2;

INSERT INTO users (id, first_name, last_name, email, password_hash, phone, created, active) VALUES
(1, 'ivan.petrov@mail.ru', '$2y$10$92IXUNpkjO0rOQ5byMi.Ye4oKoEa3Ro9llC/.og/at2.uheWG/igi', 'Иван', 'Петров', '+79161234567', '2024-01-15 10:00:00', 1),
(2, 'maria.ivanova@gmail.com', '$2y$10$92IXUNpkjO0rOQ5byMi.Ye4oKoEa3Ro9llC/.og/at2.uheWG/igi', 'Мария', 'Иванова', '+79167654321', '2024-01-16 11:30:00', 1),
(3, 'sergey.sidorov@yandex.ru', '$2y$10$92IXUNpkjO0rOQ5byMi.Ye4oKoEa3Ro9llC/.og/at2.uheWG/igi', 'Сергей', 'Сидоров', '+79165557788', '2024-01-17 14:20:00', 1),
(4, 'olga.kuznetsova@mail.ru', '$2y$10$92IXUNpkjO0rOQ5byMi.Ye4oKoEa3Ro9llC/.og/at2.uheWG/igi', 'Ольга', 'Кузнецова', '+79169998877', '2024-01-18 16:45:00', 1),
(5, 'alexey.vorobev@gmail.com', '$2y$10$92IXUNpkjO0rOQ5byMi.Ye4oKoEa3Ro9llC/.og/at2.uheWG/igi', 'Алексей', 'Воробьев', '+79163332211', '2024-01-19 09:15:00',1);

INSERT INTO addresses (id, user_id, country, city, street, house_number, apartment, postal_code, is_default) VALUES
(1, 1, 'Россия', 'Москва', 'ул. Тверская', '25', '15', '125009', TRUE),
(2, 1, 'Россия', 'Москва', 'пр-т Мира', '48', '7', '129110', FALSE),
(3, 2, 'Россия', 'Санкт-Петербург', 'Невский пр-т', '100', '23', '191025', TRUE),
(4, 3, 'Россия', 'Екатеринбург', 'ул. Ленина', '52', '12', '620014', TRUE),
(5, 4, 'Россия', 'Новосибирск', 'Красный пр-т', '220', '45', '630099', TRUE),
(6, 5, 'Россия', 'Казань', 'ул. Баумана', '35', '8', '420111', TRUE);

INSERT IGNORE INTO categories (id, name, description, parent_category_id) VALUES
(1, 'Электроника', 'Электронные устройства и гаджеты', NULL),
(2, 'Смартфоны', 'Мобильные телефоны и смартфоны', 1),
(3, 'Ноутбуки', 'Портативные компьютеры', 1),
(4, 'Телевизоры', 'Телевизоры и аксессуары', 1),
(5, 'Одежда', 'Мужская, женская и детская одежда', NULL),
(6, 'Мужская одежда', 'Одежда для мужчин', 5),
(7, 'Женская одежда', 'Одежда для женщин', 5),
(8, 'Книги', 'Художественная и учебная литература', NULL),
(9, 'Художественная литература', 'Романы, рассказы, поэзия', 8),
(10, 'Научная литература', 'Научные и образовательные книги', 8);

INSERT IGNORE INTO brands (id, name, description) VALUES
(1, 'Apple', 'Американская корпорация, производитель электроники'),
(2, 'Samsung', 'Южнокорейская компания, производитель электроники'),
(3, 'Xiaomi', 'Китайская компания, производитель электроники'),
(4, 'Nike', 'Американская компания, производитель спортивной одежды'),
(5, 'Adidas', 'Немецкая компания, производитель спортивной одежды'),
(6, 'Zara', 'Испанская компания, производитель одежды'),
(7, 'Эксмо', 'Российское издательство'),
(8, 'АСТ', 'Российское издательство');

INSERT INTO provisioners (id, name, address, phone, email, notes) VALUES
(1, 'Самсунг Электроникс Рус Компани', 'Москва, ул. Дорожная, д. 60Б, бизнес-центр «Сити Парк»', '758764985789', 'email@mail.ru', ''),
(2, 'Самсунг Электроникс Рус Компани', 'Москва, ул. Дорожная, д. 60Б, бизнес-центр «Сити Парк»', '+7 (495) 777-55-55', 'contact@samrus.ru', 'Официальное представительство Samsung в РФ до 2022'),
(3, 'М.Видео-Эльдорадо', 'Москва, ул. Новоорловская, д. 5', '+7 (495) 777-77-77', 'corp@mvideo.ru', 'Крупнейший ритейлер электроники, партнер Apple, Samsung, Xiaomi'),
(4, 're:Store', 'Москва, ул. Дербеневская, д. 7, стр. 8', '+7 (495) 228-22-88', 'b2b@re-store.ru', 'Крупнейший авторизованный реселлер Apple в России'),
(5, 'Сяоми Рус', 'Москва, Пресненская наб., д. 12, башня «Федерация-Запад»', '+7 (495) 123-45-67', 'info@xiaomi.ru', 'Официальное представительство Xiaomi в РФ'),
(6, 'RDC Group', 'Москва, Волоколамское ш., д. 73', '+7 (495) 660-11-11', 'sales@rdc.ru', 'Крупный дистрибьютор электроники, партнер Xiaomi'),
(7, 'Икея Мос', 'Москва, ул. Большая Тульская, д. 13', '+7 (495) 737-50-53', 'info@ikeamos.ru', 'Дистрибьютор Nike в РФ до 2020 года (не связан с IKEA)'),
(8, 'Спортмастер', 'Москва, ул. Летниковская, д. 2, стр. 4', '+7 (495) 228-18-88', 'partners@Sportmaster.ru', 'Крупнейший спортивный ритейлер, партнер Nike и Adidas'),
(9, 'Адидас Рус', 'Москва, ул. Летниковская, д. 2, стр. 4', '+7 (495) 937-88-00', 'russia@adidas.com', 'Официальное представительство Adidas в России'),
(10, 'Индитекс Рус', 'Москва, ул. Летниковская, д. 10, стр. 4, БЦ «Летник»', '+7 (495) 663-88-00', 'info.russia@inditex.com', 'Официальное представительство Inditex (Zara) в РФ'),
(11, 'Цифровое решение', 'Москва, Волгоградский проспект, д. 42, корп. 5', '+7 (495) 234-56-78', 'sales@digitalsolution.ru', 'Дистрибьютор электроники, партнер Apple');

INSERT INTO products (id, name, description, price, old_price, category_id, brand_id, provisioner_id, quantity, created) VALUES 
(1, 'iPhone 13 Pro', 'Смартфон Apple iPhone 13 Pro 256GB, графитовый, с процессором A15 Bionic', 89990.00, 99990.00, 1, 1, 3, 25, '2021-09-24'),
(2, 'Samsung Galaxy S21', 'Смартфон Samsung Galaxy S21 5G 128GB, Phantom Gray, экран Dynamic AMOLED 2X', 64990.00, 79990.00, 1, 2, 1, 18, '2021-01-29'),
(3, 'Xiaomi Mi 11 Lite', 'Смартфон Xiaomi Mi 11 Lite 8/128GB, голубой, 64Мп камера, AMOLED-экран', 32990.00, 37990.00, 1, 3, 4, 42, '2021-04-16'),
(4, 'Nike Air Force 1', 'Кроссовки Nike Air Force 1 07, белые, кожаные, мужские, размерный ряд 40-46', 8999.00, 10999.00, 3, 4, 7, 67, '2020-11-15'),
(5, 'Adidas Ultraboost 21', 'Беговые кроссовки Adidas Ultraboost 21, черные, технология Boost', 12999.00, 15999.00, 3, 5, 8, 34, '2021-03-10'),
(6, 'Zara Кожаная куртка', 'Кожаная куртка Zara, черная, мужская, осень-зима 2021, размеры M-XXL', 15990.00, 19990.00, 2, 6, 9, 22, '2021-10-05'),
(7, 'MacBook Air M1', 'Ноутбук Apple MacBook Air 13" с процессором M1, 256GB SSD, Space Gray', 89990.00, 99990.00, 5, 1, 3, 12, '2020-11-17'),
(8, 'Samsung Galaxy Tab S7', 'Планшет Samsung Galaxy Tab S7 11" 128GB, Mystic Black, S-Pen в комплекте', 54990.00, 64990.00, 6, 2, 1, 15, '2020-08-21'),
(9, 'Xiaomi Mi Band 6', 'Фитнес-браслет Xiaomi Mi Band 6, черный, AMOLED-экран, 30 режимов тренировок', 3490.00, 4490.00, 7, 3, 5, 89, '2021-04-30'),
(10, 'Nike Tech Fleece', 'Спортивный костюм Nike Tech Fleece, черный, мужской, размеры S-XL', 7999.00, 9999.00, 4, 4, 7, 48, '2021-09-12'),
(11, 'Reebok', 'Спортивный костюм черный, мужской, размеры S-XL', 4999.00, 5999.00, 4, 4, 7, 48, '2021-09-12');

INSERT INTO carts (id, user_id, created_at) VALUES
(1, 1, '2024-02-10 10:00:00'),
(2, 2, '2024-02-10 11:30:00'),
(3, 3, '2024-02-10 14:20:00');

INSERT INTO cart_items (id, cart_id, product_id, quantity, added_at) VALUES
(1, 1, 1, 1, '2024-02-10 10:00:00'),
(2, 1, 7, 2, '2024-02-10 10:05:00'),
(3, 2, 2, 1, '2024-02-10 11:30:00'),
(4, 2, 11, 1, '2024-02-10 11:35:00'),
(5, 3, 8, 1, '2024-02-10 14:20:00'),
(6, 3, 9, 1, '2024-02-10 14:25:00');

INSERT INTO orders (id, user_id, order_number, status, total_amount, shipping_address_id, notes, created) VALUES 
(1, 5, 'ORD-2024-001', 'delivered', 105970.00, 3, 'Доставить до 18:00', '2024-01-15 14:30:00'),
(2, 1, 'ORD-2024-002', 'processing', 47890.00, 5, 'Позвонить перед доставкой', '2024-01-16 09:15:00'),
(3, 2, 'ORD-2024-003', 'shipped', 129999.00, 5, 'Хрупкий товар', '2024-01-18 11:45:00'),
(4, 5, 'ORD-2024-004', 'pending', 23450.00, 6, '', '2024-01-19 16:20:00'),
(5, 4, 'ORD-2024-005', 'delivered', 89990.00, 2, 'Оставить у соседей', '2024-01-20 13:10:00'),
(6, 5, 'ORD-2024-006', 'cancelled', 54900.00, 1, 'Отмена по инициативе клиента', '2024-01-21 10:05:00'),
(7, 3, 'ORD-2024-007', 'delivered', 189950.00, 4, 'Требуется чек для юрлица', '2024-01-22 17:30:00'),
(8, 4, 'ORD-2024-008', 'processing', 67900.00, 2, 'Доставка в пункт выдачи', '2024-01-23 12:25:00'),
(9, 1, 'ORD-2024-009', 'shipped', 115000.00, 4, 'Подарочная упаковка', '2024-01-24 15:40:00'),
(10, 3, 'ORD-2024-010', 'pending', 32990.00, 1, 'Самовывоз из магазина', '2024-01-25 08:50:00'),
(11, 4, 'ORD-2024-011', 'delivered', 77980.00, 5, '', '2024-01-26 14:15:00'),
(12, 5, 'ORD-2024-012', 'delivered', 45900.00, 3, 'Возврат: не подошел размер', '2024-01-27 11:20:00'),
(13, 2, 'ORD-2024-013', 'delivered', 143200.00, 4, 'Установка включена в заказ', '2024-01-28 16:45:00'),
(14, 5, 'ORD-2024-014', 'processing', 89990.00, 1, 'Срочный заказ', '2024-01-29 09:30:00'),
(15, 1, 'ORD-2024-015', 'shipped', 28950.00, 1, 'Не звонить, SMS-информирование', '2024-01-30 13:55:00');